params,mip_creation_time
"(1000, 5, 10000)",156.46574975
"(1000, 5, 100000)",156.46574975
"(1000, 5, 1000000)",156.46574975
